index,scenario,family,reference_model,arrival_mode,service_mode,analyticMatchedTotalA_s,simMeanA_s,totalAbsPctErrorA,analyticMatchedTotalB_s,simMeanB_s,totalAbsPctErrorB,providerAbsPctErrorA,providerAbsPctErrorB,fixedAbsPctErrorA,fixedAbsPctErrorB,sampleInterarrivalCVA,sampleInterarrivalCVB,sampleServiceCVA,sampleServiceCVB,networkAbsPctError,slaViolationRateA,slaViolationRateB,validationPass
0,baseline_deterministic,baseline,D/D/1,deterministic,fixed,0.64135128,0.64155128,0.031184159,0.64664872,0.64684872,0.030928693,0.02,0.02,0.070745734,0.068190162,0.0,0.0,0.0,0.0,0.018518519,0.0,0.0,True
1,baseline_poisson_01,baseline,M/M/1,poisson,exponential,0.766877099,0.748670188,2.374162778,0.979049096,1.031098134,5.31628474,3.292249445,5.71827843,1.688672127,3.034507591,1.0243329,1.007936162,0.964756078,0.981926849,0.425925926,0.248881432,0.395096127,False
2,baseline_poisson_02,baseline,M/M/1,poisson,exponential,0.766877099,0.782572924,2.046719795,0.979049096,0.954937577,2.462748672,2.195375262,3.465845057,1.388870553,3.23097854,0.988247976,0.985894608,0.984441695,1.028957079,1.722222222,0.253773058,0.357021035,True
3,baseline_poisson_03,baseline,M/M/1,poisson,exponential,0.766877099,0.778557803,1.523151997,0.979049096,1.026029618,4.798586926,1.477917907,5.044881432,1.723327696,3.400581957,1.017488593,1.017489948,1.002981228,0.992151017,0.814814815,0.24230554,0.38105912,False
4,baseline_poisson_04,baseline,M/M/1,poisson,exponential,0.766877099,0.787015876,2.626076255,0.979049096,1.005263596,2.677546983,2.852128756,2.518492946,1.625719726,3.580361824,0.981704805,1.0315897,0.974051557,0.982930924,0.296296296,0.261437908,0.370670391,True
5,baseline_poisson_05,baseline,M/M/1,poisson,exponential,0.766877099,0.767229052,0.045894346,0.979049096,0.952005868,2.762193221,0.297688717,3.843451192,1.566362196,3.375191009,1.002823776,0.97792738,1.05028663,1.022224059,0.333333333,0.247896803,0.336726272,True
6,baseline_poisson_06,baseline,M/M/1,poisson,exponential,0.766877099,0.795875586,3.781373531,0.979049096,1.025033753,4.696869337,4.211575901,4.924554167,1.87758681,3.404495707,0.97847546,1.000746244,0.958891283,1.015350829,1.518518519,0.262178435,0.37373461,True
7,baseline_poisson_07,baseline,M/M/1,poisson,exponential,0.766877099,0.757894742,1.171290254,0.979049096,1.016007822,3.774961416,1.784980075,3.807512005,1.544488676,3.590199335,1.018522654,1.03181913,0.982641973,0.979141473,0.185185185,0.243511872,0.370658516,True
8,baseline_poisson_08,baseline,M/M/1,poisson,exponential,0.766877099,0.724719379,5.497324054,0.979049096,0.961519524,1.790469168,7.097394632,2.705769594,1.583513548,3.404914864,0.984809084,0.994112701,0.977713495,0.999603103,0.333333333,0.231573157,0.353055556,False
9,baseline_poisson_09,baseline,M/M/1,poisson,exponential,0.766877099,0.758832878,1.048958203,0.979049096,0.973440896,0.572821146,1.674719542,1.331728398,1.720241158,3.734851514,1.016989893,1.027587725,0.988888545,1.007415909,0.685185185,0.255968906,0.364686469,True
10,baseline_poisson_10,baseline,M/M/1,poisson,exponential,0.766877099,0.74122391,3.345149883,0.979049096,0.97496481,0.4171687,4.447249601,1.102811755,1.532003182,3.474645265,0.982308416,0.990824976,0.980218294,1.00639677,0.907407407,0.228248588,0.357162804,True
11,baseline_poisson_11,baseline,M/M/1,poisson,exponential,0.766877099,0.768637711,0.229582024,0.979049096,0.951459433,2.818006046,0.146674806,3.818228751,1.894642022,2.85940972,0.983346662,0.982579573,0.962444039,0.990335136,1.092592593,0.263157895,0.347898692,True
12,baseline_poisson_12,baseline,M/M/1,poisson,exponential,0.766877099,0.764366975,0.327317657,0.979049096,0.990912761,1.211753855,0.836796826,0.761991821,1.927294922,3.764671369,1.00224091,0.992307989,0.999327295,0.978385173,0.481481481,0.253513514,0.373042506,True
13,baseline_poisson_13,baseline,M/M/1,poisson,exponential,0.766877099,0.743002954,3.113164384,0.979049096,1.010954676,3.258833488,4.123747997,3.248296903,1.358999871,3.318640744,0.969476145,0.974269787,0.959297392,0.994882202,3.018518519,0.242713004,0.38211167,True
14,baseline_poisson_14,baseline,M/M/1,poisson,exponential,0.766877099,0.73675957,3.927295395,0.979049096,1.010803135,3.243355093,5.087338968,3.228789815,1.206278249,3.326029816,1.01367292,0.995257635,0.968378337,1.015686978,1.314814815,0.248314607,0.365736827,False
15,baseline_poisson_15,baseline,M/M/1,poisson,exponential,0.766877099,0.746787882,2.619613559,0.979049096,0.9879822,0.9124266,3.571117515,0.516558757,1.591103822,3.159432511,1.011321772,1.001559638,0.983724002,0.994695566,1.703703704,0.243126685,0.359362112,True
16,baseline_poisson_16,baseline,M/M/1,poisson,exponential,0.766877099,0.768898849,0.263634153,0.979049096,1.008856486,3.044524539,0.094766347,2.884195199,1.849674022,3.954578194,1.002178127,0.998036789,0.967246055,0.9993411,0.981481481,0.257668712,0.368306011,True
17,baseline_poisson_17,baseline,M/M/1,poisson,exponential,0.766877099,0.763569466,0.431312018,0.979049096,0.931000236,4.907706926,1.013583473,6.407015515,2.145430326,3.602596021,1.017555391,1.015839656,0.991735396,0.984376957,0.462962963,0.254395604,0.349514563,False
18,baseline_poisson_18,baseline,M/M/1,poisson,exponential,0.766877099,0.784603348,2.311485058,0.979049096,0.971255119,0.796076241,2.428770929,1.478975174,1.792456572,3.080161673,1.014704093,1.008290017,0.989672121,1.000424196,0.018518519,0.273816004,0.35634119,True
19,baseline_poisson_19,baseline,M/M/1,poisson,exponential,0.766877099,0.77861337,1.530397882,0.979049096,0.995712997,1.702049537,1.467545108,1.327641732,1.808542042,3.827245019,1.019636218,0.996456175,0.974530559,1.029256275,0.444444444,0.263651407,0.362503462,True
20,baseline_poisson_20,baseline,M/M/1,poisson,exponential,0.766877099,0.787547975,2.695461461,0.979049096,0.982033881,0.304865688,2.903177899,0.217424491,1.776248029,3.269463958,0.992267268,0.9739127,1.015936145,1.003805376,1.925925926,0.265963061,0.359656415,True
21,baseline_poisson_21,baseline,M/M/1,poisson,exponential,0.766877099,0.778415318,1.504572224,0.979049096,0.990020799,1.120648927,1.402243125,0.700295363,1.957412082,3.506639506,1.034259059,0.99201296,0.981911844,0.997571518,0.5,0.266370699,0.362206897,True
22,baseline_poisson_22,baseline,M/M/1,poisson,exponential,0.766877099,0.76536145,0.197639025,0.979049096,0.980762884,0.175046219,0.639743144,0.461033552,1.75881684,3.785531468,1.000017511,1.005615887,0.982158637,0.980633119,1.166666667,0.257420399,0.369252078,True
23,baseline_poisson_23,baseline,M/M/1,poisson,exponential,0.766877099,0.78040067,1.76346009,0.979049096,1.00608947,2.76190173,1.805759253,2.61340699,1.57627241,3.604780399,0.978343722,1.009208515,0.97204429,0.998261438,0.444444444,0.267138194,0.368377022,True
24,baseline_poisson_24,baseline,M/M/1,poisson,exponential,0.766877099,0.790609813,3.094722061,0.979049096,0.991795464,1.30191306,3.420113312,0.955000265,1.654758952,3.271042697,0.970899254,0.997834945,0.977428967,0.998392068,0.240740741,0.267454955,0.378883695,True
25,baseline_poisson_25,baseline,M/M/1,poisson,exponential,0.766877099,0.830757585,8.32995097,0.979049096,0.972702305,0.648260798,9.792007147,1.356220772,1.859872401,3.370227388,0.996561728,0.997089577,0.997603026,0.999416511,3.740740741,0.283227848,0.364543983,False
26,baseline_poisson_26,baseline,M/M/1,poisson,exponential,0.766877099,0.758026978,1.154046815,0.979049096,0.971396457,0.781640003,1.911592927,1.468164267,2.19834343,3.115175836,1.034839204,1.003158578,0.993277426,1.027199772,0.833333333,0.240875912,0.347509793,True
27,baseline_poisson_27,baseline,M/M/1,poisson,exponential,0.766877099,0.733964453,4.291775726,0.979049096,1.022118091,4.39906383,5.647040798,4.575070494,1.705717142,3.400023308,1.009371311,1.03021124,0.978909674,1.042751306,1.111111111,0.247311828,0.371956339,False
28,baseline_poisson_28,baseline,M/M/1,poisson,exponential,0.766877099,0.791931637,3.267086484,0.979049096,0.96920058,1.005926648,3.692355314,1.854140702,1.385132297,3.808664967,1.069230089,1.002779407,1.00598982,0.989232132,0.055555556,0.25867679,0.364762173,True
29,baseline_poisson_29,baseline,M/M/1,poisson,exponential,0.766877099,0.775188238,1.083764125,0.979049096,0.990399544,1.159333898,0.980078905,0.75707913,1.542605261,3.442592973,1.001099562,1.004386496,0.990857568,1.016104443,0.203703704,0.264150943,0.354611924,True
30,baseline_poisson_30,baseline,M/M/1,poisson,exponential,0.766877099,0.775762849,1.158692828,0.979049096,1.014438675,3.614688934,1.094555404,3.642225666,1.442521986,3.458386268,1.035122923,0.996867698,1.013546362,0.982392899,0.888888889,0.258451472,0.36939679,True
31,high_load_deterministic,high_load,D/D/1,deterministic,fixed,0.63961112,0.63981112,0.031269,0.64838888,0.64858888,0.030845686,0.02,0.02,0.071627532,0.067390495,0.0,0.0,0.0,0.0,0.013888889,0.0,0.0,True
32,high_load_poisson_01,high_load,M/M/1,poisson,exponential,0.749780362,0.767684098,2.387864022,1.462258648,1.536418515,5.071597069,2.521587398,5.044642708,1.803427117,5.31025727,1.005076731,1.012009732,1.018096716,0.993123007,0.972222222,0.258143823,0.545884063,False
33,high_load_poisson_02,high_load,M/M/1,poisson,exponential,0.749780362,0.735217026,1.942347034,1.462258648,1.414666266,3.254717092,2.707507151,4.238468778,1.401778912,5.45564988,1.006846457,1.010762327,0.973288396,0.999979609,0.208333333,0.237401336,0.521372126,False
34,high_load_poisson_03,high_load,M/M/1,poisson,exponential,0.749780362,0.757697864,1.055976123,1.462258648,1.372023389,6.170950598,0.857562254,7.452959038,1.923142292,5.180251265,1.034626728,0.997983733,0.987437184,1.001500126,1.027777778,0.255053508,0.5047759,False
35,high_load_poisson_04,high_load,M/M/1,poisson,exponential,0.749780362,0.733878121,2.120920035,1.462258648,1.409512902,3.607141988,2.996255386,4.625133327,1.704725862,5.406390857,0.989770902,1.002937086,1.022934347,1.01683342,0.777777778,0.235258359,0.508637934,False
36,high_load_poisson_05,high_load,M/M/1,poisson,exponential,0.749780362,0.736056203,1.830424003,1.462258648,1.427792435,2.357053099,2.746689031,3.273097321,2.174104707,5.753816187,1.046424055,0.98424492,1.009069248,0.997458275,2.597222222,0.231958763,0.516043255,False
37,high_load_poisson_06,high_load,M/M/1,poisson,exponential,0.749780362,0.753363595,0.477904263,1.462258648,1.519219093,3.895374118,0.217978884,3.714645158,1.613905979,5.495590495,0.971269974,0.995423261,1.011129805,1.005979461,2.694444444,0.24024024,0.535346483,False
38,high_load_poisson_07,high_load,M/M/1,poisson,exponential,0.749780362,0.70400677,6.104933429,1.462258648,1.410456245,3.542629262,7.813087411,4.55222852,1.360539386,5.396598147,1.022990763,0.987955082,1.002155251,0.983690507,0.458333333,0.22,0.514239656,False
39,high_load_poisson_08,high_load,M/M/1,poisson,exponential,0.749780362,0.767625834,2.380093229,1.462258648,1.444417499,1.220109,2.538594499,1.952198756,1.687364739,5.261984522,1.012330789,0.991154028,1.003664302,0.998767826,0.541666667,0.253374233,0.51871271,False
40,high_load_poisson_09,high_load,M/M/1,poisson,exponential,0.749780362,0.741048575,1.164579316,1.462258648,1.470475133,0.56190364,1.793255634,0.013837597,1.583045317,5.414608265,0.992424914,1.010439596,1.012718757,1.013662775,1.569444444,0.241358399,0.54184322,False
41,high_load_poisson_10,high_load,M/M/1,poisson,exponential,0.749780362,0.749162222,0.082442808,1.462258648,1.494003152,2.170922626,0.46298473,1.80043399,1.580712508,5.451315461,0.964639591,1.01185474,0.977962944,0.987119562,0.236111111,0.240300375,0.528919737,False
42,high_load_poisson_11,high_load,M/M/1,poisson,exponential,0.749780362,0.736059756,1.829950032,1.462258648,1.411031018,3.503322077,2.683816406,4.494562977,1.901865877,5.273356141,0.982892256,0.994170851,0.999867966,0.971549666,0.319444444,0.249558564,0.509956553,False
43,high_load_poisson_12,high_load,M/M/1,poisson,exponential,0.749780362,0.728033239,2.900465862,1.462258648,1.5859196,8.456845328,3.917624412,8.798845999,1.54501715,5.428691591,1.020104889,1.02192546,1.00710387,1.007580862,0.013888889,0.235081374,0.53265969,False
44,high_load_poisson_13,high_load,M/M/1,poisson,exponential,0.749780362,0.785150986,4.717464698,1.462258648,1.546728316,5.776657118,5.431404618,5.808016304,1.597196197,5.498995561,0.993961994,0.989495537,1.032818685,0.994673428,0.013888889,0.256731371,0.553176303,False
45,high_load_poisson_14,high_load,M/M/1,poisson,exponential,0.749780362,0.776610446,3.578392346,1.462258648,1.381409089,5.529087444,4.090823534,6.816270251,1.338816086,5.867929478,0.996943349,0.988019828,1.008613014,1.006429487,0.152777778,0.260980267,0.510460993,False
46,high_load_poisson_15,high_load,M/M/1,poisson,exponential,0.749780362,0.772377783,3.013872073,1.462258648,1.433581293,1.961168445,3.353631662,2.723362475,1.528955608,4.787475341,1.010629068,0.978528642,1.03223636,0.994908843,1.611111111,0.24775353,0.523344191,False
47,high_load_poisson_16,high_load,M/M/1,poisson,exponential,0.749780362,0.73195369,2.377585883,1.462258648,1.310872714,10.352883467,3.203786748,12.096477656,1.233318147,5.085306332,1.009792296,1.013649731,1.015576054,1.006518526,1.555555556,0.226986129,0.501090513,False
48,high_load_poisson_17,high_load,M/M/1,poisson,exponential,0.749780362,0.746479667,0.440221652,1.462258648,1.342200076,8.210488105,0.874590322,9.723364602,1.458183016,5.184873405,0.975788512,0.987065366,1.003099995,1.022196153,0.236111111,0.246385921,0.499463519,False
49,high_load_poisson_18,high_load,M/M/1,poisson,exponential,0.749780362,0.715984945,4.5073757,1.462258648,1.407962283,3.713184752,5.942650628,4.701027431,1.765481471,5.033404829,0.958060865,1.01762545,1.018015502,1.022773701,0.388888889,0.226472374,0.511915427,False
50,high_load_poisson_19,high_load,M/M/1,poisson,exponential,0.749780362,0.741779789,1.067055549,1.462258648,1.710734281,16.992591101,1.677478341,18.314367628,1.600792202,5.289273308,1.035557919,1.007885357,0.955835688,1.009214462,1.819444444,0.236585366,0.539448252,False
51,high_load_poisson_20,high_load,M/M/1,poisson,exponential,0.749780362,0.783891307,4.549458259,1.462258648,1.559467525,6.647857933,5.276975255,6.752188484,1.369851264,5.724090894,1.015030862,1.021930215,1.028506382,1.002704053,0.458333333,0.261142498,0.53157517,False
52,high_load_poisson_21,high_load,M/M/1,poisson,exponential,0.749780362,0.739280875,1.400341762,1.462258648,1.538456374,5.210960868,2.131751811,5.230464171,1.796279794,5.038274078,0.981845021,0.995405095,1.025312114,1.01079069,0.888888889,0.237319975,0.53396859,False
53,high_load_poisson_22,high_load,M/M/1,poisson,exponential,0.749780362,0.773805867,3.204338957,1.462258648,1.466535914,0.292510922,3.522195002,0.229281819,1.815151747,4.912585607,1.067245335,1.010599835,0.95727983,1.00254989,0.097222222,0.266461538,0.517377284,False
54,high_load_poisson_23,high_load,M/M/1,poisson,exponential,0.749780362,0.759487785,1.29470215,1.462258648,1.609593828,10.07586316,1.233777669,10.566356364,1.560972089,5.732921883,1.012876265,0.998774029,0.981467722,0.984660652,1.819444444,0.246268657,0.546566486,False
55,high_load_poisson_24,high_load,M/M/1,poisson,exponential,0.749780362,0.796657826,6.252159463,1.462258648,1.465339623,0.210699701,7.41218652,0.329685414,1.182270829,4.995395603,1.045807744,0.981669697,0.977997934,0.998057226,1.208333333,0.264579497,0.521032167,False
56,high_load_poisson_25,high_load,M/M/1,poisson,exponential,0.749780362,0.76210785,1.644146446,1.462258648,1.481185003,1.294323368,1.650236938,0.77127626,1.617528003,5.925504507,0.983494635,1.005253088,1.025461277,1.005631546,1.027777778,0.245283019,0.526016693,False
57,high_load_poisson_26,high_load,M/M/1,poisson,exponential,0.749780362,0.771485524,2.89486929,1.462258648,1.395711739,4.550967022,3.197428221,5.737849018,1.572537989,5.957963109,0.946691671,1.007756158,0.989403927,1.011144075,0.319444444,0.254370102,0.517792955,False
58,high_load_poisson_27,high_load,M/M/1,poisson,exponential,0.749780362,0.756948191,0.955990447,1.462258648,1.481859313,1.340437614,0.822597673,0.885676278,1.538982461,5.367000593,0.98777442,0.991673344,0.982717338,0.996439401,0.277777778,0.249077491,0.534389629,False
59,high_load_poisson_28,high_load,M/M/1,poisson,exponential,0.749780362,0.755581129,0.773662116,1.462258648,1.484352858,1.510964576,0.544971947,1.097179923,1.773150604,5.174710441,0.979384467,0.992964706,1.0137048,0.997427371,0.361111111,0.243872549,0.520378977,False
60,high_load_poisson_29,high_load,M/M/1,poisson,exponential,0.749780362,0.762995082,1.762478747,1.462258648,1.45787306,0.299918754,1.808590673,0.913584867,1.560946957,5.133624206,0.988675387,1.003967868,0.990944949,1.011023632,2.152777778,0.246698679,0.528722811,False
61,high_load_poisson_30,high_load,M/M/1,poisson,exponential,0.749780362,0.773827263,3.207192696,1.462258648,1.44329179,1.297093205,3.553469505,2.06798461,1.693792775,5.528559174,1.010192387,1.007298824,0.996402236,0.99014996,0.0,0.251675807,0.530850872,False
62,high_capacity_deterministic,high_capacity,D/D/1,deterministic,fixed,0.475165173,0.475365173,0.042090627,0.479501493,0.479701493,0.041709985,0.03,0.03,0.07050603,0.068414353,0.0,0.0,0.0,0.0,0.0,0.0,0.0,True
63,high_capacity_poisson_01,high_capacity,M/M/1,poisson,exponential,0.532059097,0.53753144,1.028521544,0.593117368,0.588047985,0.854701505,0.622118133,2.227298419,2.146674481,3.342389734,0.987284445,1.014399556,1.026251104,0.996453133,0.703703704,0.112919132,0.147507331,True
64,high_capacity_poisson_02,high_capacity,M/M/1,poisson,exponential,0.532059097,0.514590391,3.283226769,0.593117368,0.596480057,0.566951743,5.132506959,0.202483013,1.80476713,2.91970938,0.986250114,1.013264429,0.988957288,0.987905969,0.925925926,0.096256684,0.152667256,False
65,high_capacity_poisson_03,high_capacity,M/M/1,poisson,exponential,0.532059097,0.549388089,3.256967412,0.593117368,0.600387015,1.225667449,3.762916933,0.496856642,1.86492953,3.45420623,0.992342891,0.997418634,0.953586423,0.993411338,3.037037037,0.12742658,0.149085795,True
66,high_capacity_poisson_04,high_capacity,M/M/1,poisson,exponential,0.532059097,0.521947146,1.900531658,0.593117368,0.597548857,0.747152174,3.233701537,0.183617376,1.767468598,3.593235162,1.011430434,0.997482602,0.985117526,0.982304332,0.888888889,0.103624298,0.150604185,True
67,high_capacity_poisson_05,high_capacity,M/M/1,poisson,exponential,0.532059097,0.551400562,3.635209925,0.593117368,0.614909508,3.674169967,4.226348114,3.854888333,2.008789269,3.121574032,0.989270247,1.006883046,1.018525627,0.984453368,0.685185185,0.123469388,0.157894737,True
68,high_capacity_poisson_06,high_capacity,M/M/1,poisson,exponential,0.532059097,0.514559878,3.288961605,0.593117368,0.598830115,0.963173023,5.031725438,0.057567,1.505969847,3.732311628,0.974524675,1.010477951,1.011314923,1.010620294,0.314814815,0.109829488,0.149011508,False
69,high_capacity_poisson_07,high_capacity,M/M/1,poisson,exponential,0.532059097,0.525413122,1.249104788,0.593117368,0.571439857,3.654843479,2.288116525,5.876004364,1.609567148,3.136964657,0.984646222,1.005858881,0.978706021,1.015714987,0.333333333,0.103045685,0.130715123,False
70,high_capacity_poisson_08,high_capacity,M/M/1,poisson,exponential,0.532059097,0.543119787,2.078846122,0.593117368,0.596112077,0.504909925,2.212735447,0.350892938,1.710471402,3.121761721,0.99708933,1.002288855,1.028032293,1.010326566,2.12962963,0.122286924,0.147232038,True
71,high_capacity_poisson_09,high_capacity,M/M/1,poisson,exponential,0.532059097,0.547327972,2.869770419,0.593117368,0.5745745,3.12634035,3.286448483,5.286632205,1.723348445,3.479344048,0.961188653,0.983658078,0.998190192,1.007608013,0.333333333,0.129318855,0.134728774,False
72,high_capacity_poisson_10,high_capacity,M/M/1,poisson,exponential,0.532059097,0.521528487,1.979218164,0.593117368,0.572997927,3.392151665,3.186046708,5.48642275,1.34117444,3.011656134,0.957902834,0.996069967,0.95129825,0.987598761,0.740740741,0.109213251,0.146441074,False
73,high_capacity_poisson_11,high_capacity,M/M/1,poisson,exponential,0.532059097,0.521203197,2.040356037,0.593117368,0.594473065,0.228571384,3.496647911,0.769557972,1.966394378,3.280625435,1.010978227,1.016614836,0.986386508,1.007890501,0.240740741,0.094111462,0.142898135,True
74,high_capacity_poisson_12,high_capacity,M/M/1,poisson,exponential,0.532059097,0.51817569,2.609373208,0.593117368,0.603218914,1.703127654,4.199697901,1.332543245,1.766146726,2.836291045,1.036430659,0.980979658,1.008375669,1.02200191,1.259259259,0.103692463,0.165126677,True
75,high_capacity_poisson_13,high_capacity,M/M/1,poisson,exponential,0.532059097,0.544169228,2.276087533,0.593117368,0.609366065,2.739541661,2.398962828,2.591702987,1.93801613,3.191598925,1.026176938,0.976817321,0.985355038,1.007698138,2.962962963,0.110945274,0.155211268,True
76,high_capacity_poisson_14,high_capacity,M/M/1,poisson,exponential,0.532059097,0.514718009,3.259241044,0.593117368,0.609822388,2.816478027,5.169465193,2.66202824,1.996430252,3.28875058,0.952576434,0.994399479,1.029755347,0.985275129,0.166666667,0.102134146,0.157172071,False
77,high_capacity_poisson_15,high_capacity,M/M/1,poisson,exponential,0.532059097,0.524226505,1.472128288,0.593117368,0.581800663,1.908004321,2.619041227,3.601310956,1.683416266,3.269744783,0.979644385,1.014713387,0.981961249,0.99638536,0.555555556,0.111959288,0.143024963,True
78,high_capacity_poisson_16,high_capacity,M/M/1,poisson,exponential,0.532059097,0.555410217,4.388820701,0.593117368,0.585382902,1.30403636,5.319096215,2.800936349,1.82931881,3.273145594,0.999820462,1.001950265,0.987403898,0.952870158,2.37037037,0.124362895,0.141691843,False
79,high_capacity_poisson_17,high_capacity,M/M/1,poisson,exponential,0.532059097,0.520867819,2.103390085,0.593117368,0.589617099,0.590147864,3.615473458,1.884255962,2.056861574,3.366942307,1.016263969,1.008637806,1.030383689,0.988007334,1.425925926,0.100884035,0.14,True
80,high_capacity_poisson_18,high_capacity,M/M/1,poisson,exponential,0.532059097,0.548904941,3.166160311,0.593117368,0.611657022,3.125798471,3.490832245,3.042284872,2.272878252,3.381164187,1.008113032,1.012187457,1.017695066,1.01447927,2.055555556,0.118955513,0.157711298,True
81,high_capacity_poisson_19,high_capacity,M/M/1,poisson,exponential,0.532059097,0.51083524,3.989003734,0.593117368,0.610207401,2.881391477,6.201403742,2.771705234,2.098055332,3.216787229,1.001215356,1.01115246,0.972610126,1.014749907,0.62962963,0.094496366,0.157848837,False
82,high_capacity_poisson_20,high_capacity,M/M/1,poisson,exponential,0.532059097,0.529120403,0.55232479,0.593117368,0.598046552,0.831063854,1.401870053,0.038935206,1.785060933,3.491324412,1.010844862,0.987934633,1.048253531,1.005389138,0.388888889,0.100409836,0.150860811,True
83,high_capacity_poisson_21,high_capacity,M/M/1,poisson,exponential,0.532059097,0.533914093,0.348644743,0.593117368,0.625097208,5.391823237,0.156922109,5.940252083,1.739629771,3.714851739,0.997333109,1.003611072,0.981410998,0.980530466,0.166666667,0.114329268,0.161290323,False
84,high_capacity_poisson_22,high_capacity,M/M/1,poisson,exponential,0.532059097,0.535754548,0.69455642,0.593117368,0.586724436,1.077852742,0.235866581,2.41404261,1.956566965,3.007913977,0.995273524,0.989150977,1.016773482,1.009669805,2.333333333,0.113486842,0.140869565,True
85,high_capacity_poisson_23,high_capacity,M/M/1,poisson,exponential,0.532059097,0.52594161,1.149775853,0.593117368,0.603234755,1.70579854,2.173448638,1.197014609,1.666693449,3.261544847,0.981449696,1.008165296,1.016325622,1.000878885,0.611111111,0.105315948,0.151497528,True
86,high_capacity_poisson_24,high_capacity,M/M/1,poisson,exponential,0.532059097,0.573906391,7.865158908,0.593117368,0.613490366,3.434901574,10.02881164,3.518919351,1.912220053,3.177994195,1.037339845,1.027836527,0.975094587,1.005497311,0.037037037,0.139570552,0.164248404,False
87,high_capacity_poisson_25,high_capacity,M/M/1,poisson,exponential,0.532059097,0.522729913,1.753411357,0.593117368,0.582341872,1.816756128,3.103980636,3.455466603,1.962460523,3.194050253,0.980429282,1.026861117,0.983504693,1.005446967,0.666666667,0.113717491,0.135762562,True
88,high_capacity_poisson_26,high_capacity,M/M/1,poisson,exponential,0.532059097,0.543965854,2.237863517,0.593117368,0.596885163,0.63525276,2.541872692,0.237456207,1.401431682,3.303799602,1.024437952,0.993264767,1.002968394,0.979139379,0.444444444,0.115484205,0.147724019,True
89,high_capacity_poisson_27,high_capacity,M/M/1,poisson,exponential,0.532059097,0.545736121,2.570583531,0.593117368,0.600840763,1.302169824,2.86473216,0.654146957,1.761281383,3.283677338,0.997300875,0.990993936,1.057628826,1.013010614,0.759259259,0.126903553,0.152257303,True
90,high_capacity_poisson_28,high_capacity,M/M/1,poisson,exponential,0.532059097,0.541309593,1.738621934,0.593117368,0.597932397,0.811817276,1.67076022,0.087738669,1.925332411,3.025886059,0.971008518,0.989401278,0.997149782,0.976577243,2.240740741,0.107214429,0.148644532,True
91,high_capacity_poisson_29,high_capacity,M/M/1,poisson,exponential,0.532059097,0.531073732,0.185198425,0.593117368,0.607713046,2.460841503,0.999816738,2.142194198,2.056091472,3.435192968,0.9891115,1.030273107,0.976894879,1.001060513,0.074074074,0.106208312,0.144428365,True
92,high_capacity_poisson_30,high_capacity,M/M/1,poisson,exponential,0.532059097,0.537767297,1.072850658,0.593117368,0.584020246,1.533781166,0.793446535,3.071465109,1.841585695,3.168108905,0.972385956,0.980060739,0.992545335,0.995929253,0.148148148,0.115869018,0.143528031,True
93,strict_sla_deterministic,strict_sla,D/D/1,deterministic,fixed,0.63933545,0.63953545,0.031282483,0.64266455,0.64286455,0.031120435,0.02,0.02,0.071769245,0.070094498,0.0,0.0,0.0,0.0,0.018518519,0.0,0.0,True
94,strict_sla_poisson_01,strict_sla,M/M/1,poisson,exponential,0.764433959,0.781508287,2.233591087,0.975822821,0.968709273,0.728979505,2.346084206,1.45033167,1.72891492,3.483703482,1.004143215,1.045782149,0.985981022,1.003563295,1.018518519,0.366610265,0.457446809,True
95,strict_sla_poisson_02,strict_sla,M/M/1,poisson,exponential,0.764433959,0.77051432,0.795407017,0.975822821,0.990722436,1.526877082,0.579735527,1.134690756,1.762970741,3.817237797,0.998699523,1.026550608,1.03023815,1.004471702,2.925925926,0.343085106,0.46411093,True
96,strict_sla_poisson_03,strict_sla,M/M/1,poisson,exponential,0.764433959,0.781896062,2.284318074,0.975822821,0.939913739,3.679877234,2.412411749,4.839736287,1.709653368,3.093677682,1.021267182,1.005077591,0.965083011,1.001447751,2.111111111,0.357182784,0.440663426,True
97,strict_sla_poisson_04,strict_sla,M/M/1,poisson,exponential,0.764433959,0.745470314,2.480743361,0.975822821,0.96473079,1.136684993,3.524700281,1.967131778,2.202744679,3.713108508,1.016193696,0.986668327,1.010530911,0.991804855,0.611111111,0.335877863,0.465609963,False
98,strict_sla_poisson_05,strict_sla,M/M/1,poisson,exponential,0.764433959,0.781783359,2.269574835,0.975822821,0.954895438,2.14458838,2.490109942,3.054247889,1.280191542,3.167805932,1.033490044,1.006579581,1.031332359,0.999848381,1.240740741,0.347275729,0.436575654,True
99,strict_sla_poisson_06,strict_sla,M/M/1,poisson,exponential,0.764433959,0.771256223,0.892459652,0.975822821,0.914041253,6.331228034,0.75582605,7.989748212,1.505436902,3.354498407,0.996591111,0.999396145,1.023746227,0.992248192,2.944444444,0.3407281,0.435544071,False
100,strict_sla_poisson_07,strict_sla,M/M/1,poisson,exponential,0.764433959,0.748935639,2.027424238,0.975822821,1.014640884,3.977982628,2.885576086,4.057873652,1.822489335,3.511420563,0.981223686,1.055038713,0.991106319,0.98962427,1.574074074,0.338992333,0.454284895,True
101,strict_sla_poisson_08,strict_sla,M/M/1,poisson,exponential,0.764433959,0.765041402,0.079463229,0.975822821,0.954221345,2.213667874,0.224270454,3.091149903,1.442099026,2.910810566,0.968746597,0.990776359,1.007455836,0.986654757,0.814814815,0.349611543,0.44006753,True
102,strict_sla_poisson_09,strict_sla,M/M/1,poisson,exponential,0.764433959,0.757378433,0.922973855,0.975822821,1.00022778,2.500962058,1.53521914,2.274334963,1.823732848,3.824460003,1.026511117,1.007011541,0.97196729,0.986023438,2.222222222,0.339265851,0.469639979,True
103,strict_sla_poisson_10,strict_sla,M/M/1,poisson,exponential,0.764433959,0.7661463,0.224001274,0.975822821,0.99963888,2.440613031,0.186746905,2.198440904,2.066734578,3.854893669,1.025047567,1.003396167,1.019746226,0.985414326,0.925925926,0.34255079,0.455561766,True
104,strict_sla_poisson_11,strict_sla,M/M/1,poisson,exponential,0.764433959,0.765975353,0.201638686,0.975822821,0.96133539,1.484637455,0.115398408,2.398585876,1.623957377,3.852804025,1.025806944,1.014201499,1.019148747,1.007734115,1.833333333,0.338283828,0.434936159,True
105,strict_sla_poisson_12,strict_sla,M/M/1,poisson,exponential,0.764433959,0.751250411,1.724615651,0.975822821,0.936598334,4.019632053,2.46113576,5.230371333,1.579623307,3.051062426,0.980307917,0.975003336,1.000046423,0.987797739,1.962962963,0.34082397,0.440197965,False
106,strict_sla_poisson_13,strict_sla,M/M/1,poisson,exponential,0.764433959,0.767492166,0.400061625,0.975822821,0.992314499,1.690027914,0.152749694,1.348041858,1.509573378,3.687220011,1.009185843,0.970824414,1.000529662,1.005473942,0.962962963,0.338530067,0.462253829,True
107,strict_sla_poisson_14,strict_sla,M/M/1,poisson,exponential,0.764433959,0.760433561,0.523314973,0.975822821,0.967750857,0.827195716,0.959392715,1.587629211,1.433053966,3.6137215,1.016747751,1.001819253,1.013579191,0.994916681,0.592592593,0.335039818,0.458448753,True
108,strict_sla_poisson_15,strict_sla,M/M/1,poisson,exponential,0.764433959,0.767944666,0.459255817,0.975822821,0.973302128,0.258314615,0.198015993,0.884054897,1.631252065,3.395996786,0.986153706,0.985650247,0.974560013,0.993291917,0.074074074,0.355543113,0.446537396,True
109,strict_sla_poisson_16,strict_sla,M/M/1,poisson,exponential,0.764433959,0.781236702,2.198063425,0.975822821,0.966281252,0.97779735,2.297215108,1.729443998,1.753240741,3.411804844,0.992424941,0.960225552,1.02632676,1.024745547,0.407407407,0.355431755,0.452440033,True
110,strict_sla_poisson_17,strict_sla,M/M/1,poisson,exponential,0.764433959,0.788879978,3.197924367,0.975822821,0.952692488,2.370341502,3.545273467,3.40567282,1.639617383,3.675973797,1.010325662,1.004971945,0.972008535,0.991282291,3.018518519,0.363684771,0.444504749,True
111,strict_sla_poisson_18,strict_sla,M/M/1,poisson,exponential,0.764433959,0.785162637,2.711637623,0.975822821,0.995560044,2.022623644,2.902390875,1.777972312,1.855864216,3.45138279,1.02604742,0.979931772,0.991269668,1.013961111,1.481481481,0.356867071,0.462230706,True
112,strict_sla_poisson_19,strict_sla,M/M/1,poisson,exponential,0.764433959,0.748559468,2.076633424,0.975822821,1.00171816,2.653692695,2.84748221,2.531344757,1.38161375,3.368202337,0.973569953,0.999810835,0.972289588,1.033062855,1.62962963,0.335233751,0.459246768,True
113,strict_sla_poisson_20,strict_sla,M/M/1,poisson,exponential,0.764433959,0.796062422,4.137501096,0.975822821,0.975115498,0.072484805,4.68990593,0.648010654,1.659255695,3.288575261,0.991623149,0.994660972,0.997821269,0.975876595,0.481481481,0.371602884,0.468672371,True
114,strict_sla_poisson_21,strict_sla,M/M/1,poisson,exponential,0.764433959,0.798875611,4.505510498,0.975822821,0.989965368,1.449294529,5.116152871,1.175486309,1.765994911,3.04832935,0.982333282,1.026750001,0.991682613,0.971708396,1.222222222,0.358735096,0.463104326,False
115,strict_sla_poisson_22,strict_sla,M/M/1,poisson,exponential,0.764433959,0.760277598,0.543717431,0.975822821,1.032744978,5.833247121,1.058691846,6.222705757,1.76660445,3.558816062,1.05188929,0.981010503,0.990767704,1.02489974,1.296296296,0.358365544,0.457228751,False
116,strict_sla_poisson_23,strict_sla,M/M/1,poisson,exponential,0.764433959,0.788644285,3.167091952,0.975822821,0.974981321,0.086234934,3.422884299,0.605429356,2.01953464,2.945850661,0.9964522,0.962838009,1.056277449,1.036844047,0.074074074,0.365591398,0.453160271,True
117,strict_sla_poisson_24,strict_sla,M/M/1,poisson,exponential,0.764433959,0.774321285,1.293417961,0.975822821,0.97973546,0.400957856,1.212104826,0.097126851,1.658211839,3.309763119,1.004474666,0.997805703,0.978336841,1.004574492,2.87037037,0.356052345,0.469497447,True
118,strict_sla_poisson_25,strict_sla,M/M/1,poisson,exponential,0.764433959,0.773985004,1.249427203,0.975822821,0.996399411,2.108639929,1.113563559,1.839606447,1.8589502,3.679790376,1.003667742,0.986499286,0.98514845,1.001861861,1.037037037,0.351214003,0.466554716,True
119,strict_sla_poisson_26,strict_sla,M/M/1,poisson,exponential,0.764433959,0.784511183,2.626417147,0.975822821,1.014501454,3.963694203,2.717706906,4.103896516,2.216865288,3.144915347,1.041691623,0.983175487,0.980078074,0.99760901,0.851851852,0.36169045,0.467715232,True
120,strict_sla_poisson_27,strict_sla,M/M/1,poisson,exponential,0.764433959,0.816278261,6.782051134,0.975822821,0.982989425,0.734416533,7.905822376,0.223506552,1.740493315,3.718121152,1.025377776,0.987543571,1.002779936,0.99393813,0.222222222,0.371587744,0.451711662,False
121,strict_sla_poisson_28,strict_sla,M/M/1,poisson,exponential,0.764433959,0.751707433,1.664829995,0.975822821,0.948687642,2.780748628,2.376978179,3.761881105,1.530069563,2.949046465,0.999369777,1.001083332,0.992423234,1.0055027,1.944444444,0.347031963,0.445385267,True
122,strict_sla_poisson_29,strict_sla,M/M/1,poisson,exponential,0.764433959,0.780412991,2.090309026,0.975822821,0.966741649,0.930616935,2.201192848,1.676763446,1.59285262,3.426864565,0.974481796,1.018825923,1.025479935,0.992274117,1.074074074,0.353102691,0.466060778,True
123,strict_sla_poisson_30,strict_sla,M/M/1,poisson,exponential,0.764433959,0.750322657,1.845980509,0.975822821,1.008166284,3.31448108,2.599430813,3.273619635,1.534212121,3.553111147,1.023601241,1.001039343,0.998041718,0.973901342,1.222222222,0.332774986,0.467400508,True
124,left_concentrated_deterministic,left_concentrated,D/D/1,deterministic,fixed,0.637268055,0.637468055,0.031383968,0.652387518,0.652587518,0.030656626,0.02,0.02,0.072850162,0.065622173,0.0,0.0,0.0,0.0,0.018518519,0.0,0.0,True
125,left_concentrated_poisson_01,left_concentrated,M/M/1,poisson,exponential,0.767685686,0.735471747,4.196240705,0.976280448,1.00531804,2.974308482,5.469318382,2.905226606,1.650499189,3.34780409,0.999838439,0.99019306,1.024444817,1.010190973,0.314814815,0.235326385,0.358931553,False
126,left_concentrated_poisson_02,left_concentrated,M/M/1,poisson,exponential,0.767685686,0.776565205,1.156660821,0.976280448,1.014701126,3.9354141,1.067505588,3.999436317,1.566115376,3.589273861,1.027161219,1.015829336,0.952112914,1.017015587,2.222222222,0.248764415,0.3792917,True
127,left_concentrated_poisson_03,left_concentrated,M/M/1,poisson,exponential,0.767685686,0.756143018,1.503566888,0.976280448,0.976422348,0.014534799,2.205607097,0.586766805,1.720624824,3.265510633,0.970299938,1.002434168,0.984296694,0.987668271,0.925925926,0.249595687,0.357653791,True
128,left_concentrated_poisson_04,left_concentrated,M/M/1,poisson,exponential,0.767685686,0.762361765,0.693502661,0.976280448,1.003328485,2.770519222,1.209492676,2.672948765,1.67623444,3.298040179,1.048264942,1.016648955,1.02650111,0.989213486,0.407407407,0.251256281,0.368831893,True
129,left_concentrated_poisson_05,left_concentrated,M/M/1,poisson,exponential,0.767685686,0.757241631,1.360459727,0.976280448,0.958204188,1.851543747,2.001047479,2.808237635,1.581505274,3.320883351,0.982897576,1.014969043,1.013527206,0.994447911,0.962962963,0.246260684,0.361452514,True
130,left_concentrated_poisson_06,left_concentrated,M/M/1,poisson,exponential,0.767685686,0.768444929,0.098900286,0.976280448,0.978813087,0.259417143,0.211437543,0.322079401,1.524158621,3.403315644,0.996086684,0.996087721,0.990394421,1.000511917,2.537037037,0.257559395,0.369335142,True
131,left_concentrated_poisson_07,left_concentrated,M/M/1,poisson,exponential,0.767685686,0.759843489,1.021537401,0.976280448,0.997388314,2.162069929,1.55954904,1.923749161,1.449336275,3.450566502,0.974983643,1.020345666,1.005412329,0.977631237,1.648148148,0.250938338,0.361203091,True
132,left_concentrated_poisson_08,left_concentrated,M/M/1,poisson,exponential,0.767685686,0.733270192,4.483018806,0.976280448,0.966723201,0.978944818,5.875120698,1.761541521,1.910352017,3.252214639,0.969779671,0.981377362,1.0285758,0.982804911,1.722222222,0.232595791,0.367110596,False
133,left_concentrated_poisson_09,left_concentrated,M/M/1,poisson,exponential,0.767685686,0.776007074,1.083957687,0.976280448,0.955021249,2.177570949,0.962784499,3.116188767,1.640457987,2.897126712,0.987391289,0.964341436,0.995754994,0.973761275,1.574074074,0.254405286,0.360960274,True
134,left_concentrated_poisson_10,left_concentrated,M/M/1,poisson,exponential,0.767685686,0.761996204,0.741121313,0.976280448,0.987521022,1.151367343,1.287802808,0.785811316,1.769569562,3.127769541,0.970358708,1.014688642,1.027296921,1.008233835,1.018518519,0.248584371,0.357362392,True
135,left_concentrated_poisson_11,left_concentrated,M/M/1,poisson,exponential,0.767685686,0.756993056,1.392839592,0.976280448,1.012694951,3.729922351,2.056681273,3.891933499,1.655921464,2.853998648,1.02800012,0.985817604,1.019381406,1.049348009,0.648148148,0.263327948,0.350475126,True
136,left_concentrated_poisson_12,left_concentrated,M/M/1,poisson,exponential,0.767685686,0.756644275,1.438272341,0.976280448,0.954256601,2.255893462,2.080396757,3.289562337,1.510749946,3.332703861,1.003878475,1.015116911,1.029301836,0.972687272,1.0,0.251465104,0.360046123,True
137,left_concentrated_poisson_13,left_concentrated,M/M/1,poisson,exponential,0.767685686,0.765118425,0.334415623,0.976280448,0.965292687,1.125471787,0.822662585,1.893438235,1.90790866,3.026588258,0.982341584,0.996179966,0.980571034,1.015822816,1.796296296,0.262983425,0.357286001,True
138,left_concentrated_poisson_14,left_concentrated,M/M/1,poisson,exponential,0.767685686,0.766351609,0.173779052,0.976280448,0.94662896,3.037189539,0.647257631,4.163830094,2.000719923,3.054065156,1.008477991,1.024737781,0.964217486,0.979665636,1.111111111,0.266666667,0.351803752,True
139,left_concentrated_poisson_15,left_concentrated,M/M/1,poisson,exponential,0.767685686,0.748996617,2.434468812,0.976280448,0.969768527,0.667013393,3.429711527,1.39877566,2.136285503,3.289306418,1.005719497,1.026901034,1.007923452,0.990659639,0.833333333,0.232209738,0.349684452,True
140,left_concentrated_poisson_16,left_concentrated,M/M/1,poisson,exponential,0.767685686,0.742656635,3.260325339,0.976280448,0.957043214,1.970461886,4.354868682,2.839219396,1.766477304,2.726531526,1.004275155,0.978075438,1.007604331,0.993981892,0.796296296,0.246516613,0.354912632,True
141,left_concentrated_poisson_17,left_concentrated,M/M/1,poisson,exponential,0.767685686,0.734151436,4.368226531,0.976280448,1.011780387,3.636243961,5.703191661,3.72263362,1.762737848,3.169172709,0.98568034,0.991478292,1.051921745,1.009809365,0.148148148,0.237073707,0.373810856,False
142,left_concentrated_poisson_18,left_concentrated,M/M/1,poisson,exponential,0.767685686,0.766974703,0.092613839,0.976280448,1.026641069,5.158417494,0.538471675,5.490125989,1.955034035,3.365014162,1.014072615,1.029475258,0.991562201,0.980612952,0.148148148,0.260544581,0.376237624,False
143,left_concentrated_poisson_19,left_concentrated,M/M/1,poisson,exponential,0.767685686,0.801219119,4.368120141,0.976280448,0.978527912,0.230206784,4.871272242,0.252006415,2.057342478,2.83732349,1.017920576,1.010894374,1.021015029,1.01302692,0.259259259,0.257236483,0.359774965,True
144,left_concentrated_poisson_20,left_concentrated,M/M/1,poisson,exponential,0.767685686,0.75972504,1.036966818,0.976280448,0.958897292,1.780549388,1.603274961,2.731264739,1.563861452,3.359554363,0.990066582,1.002769987,1.032957689,0.993357833,2.12962963,0.241397565,0.348041919,True
145,left_concentrated_poisson_21,left_concentrated,M/M/1,poisson,exponential,0.767685686,0.761491841,0.806820454,0.976280448,0.943954831,3.311099485,1.341332508,4.516112647,1.647981018,3.203881755,1.003222514,1.002934343,1.011999023,0.963891101,1.62962963,0.246178176,0.343484627,True
146,left_concentrated_poisson_22,left_concentrated,M/M/1,poisson,exponential,0.767685686,0.797443155,3.876256921,0.976280448,0.976691382,0.042091762,4.309452478,0.497117059,1.886761867,2.95735897,1.000613082,0.980204756,0.974734952,1.021887887,3.055555556,0.280898876,0.344607707,True
147,left_concentrated_poisson_23,left_concentrated,M/M/1,poisson,exponential,0.767685686,0.816155213,6.313720292,0.976280448,0.954969125,2.182909955,7.299079792,3.229614281,1.788355655,3.476164373,1.016857396,0.987738456,1.007573114,0.992744576,1.296296296,0.276146316,0.339472939,False
148,left_concentrated_poisson_24,left_concentrated,M/M/1,poisson,exponential,0.767685686,0.74131664,3.434875313,0.976280448,0.993201528,1.733219229,4.552416965,1.477966434,1.697549425,3.113259902,0.986142166,1.01517694,0.996805353,0.966235911,0.425925926,0.247745358,0.377614471,True
149,left_concentrated_poisson_25,left_concentrated,M/M/1,poisson,exponential,0.767685686,0.750228964,2.273941303,0.976280448,0.915654929,6.209846647,3.24748762,7.970315359,2.19717008,3.308240786,1.006852636,0.990173749,0.986323589,0.993444058,0.259259259,0.250805585,0.332488739,False
150,left_concentrated_poisson_26,left_concentrated,M/M/1,poisson,exponential,0.767685686,0.789142048,2.794941013,0.976280448,0.988554582,1.257234398,2.99118108,0.919184206,1.893688365,3.084924528,0.965765231,1.020558311,1.016951378,0.993878799,0.833333333,0.268051948,0.369034091,True
151,left_concentrated_poisson_27,left_concentrated,M/M/1,poisson,exponential,0.767685686,0.75665873,1.436389426,0.976280448,0.972532814,0.383868601,2.089409737,0.994162982,1.562673375,2.915727262,0.994605226,1.021775288,0.983241987,1.00806134,1.314814815,0.253232759,0.354448604,True
152,left_concentrated_poisson_28,left_concentrated,M/M/1,poisson,exponential,0.767685686,0.790205856,2.933514357,0.976280448,1.021766291,4.659096012,3.110588754,4.980873531,2.120282013,2.919385142,1.021495372,0.998700448,0.944504151,0.994106652,0.240740741,0.276146316,0.383343006,True
153,left_concentrated_poisson_29,left_concentrated,M/M/1,poisson,exponential,0.767685686,0.766779333,0.118063047,0.976280448,0.968510239,0.795899232,0.625696042,1.466249129,2.213293588,2.828390644,0.977538663,1.000446265,1.033019638,0.982048469,1.037037037,0.253985122,0.362059317,True
154,left_concentrated_poisson_30,left_concentrated,M/M/1,poisson,exponential,0.767685686,0.746479552,2.762345904,0.976280448,1.000018493,2.431478037,3.770399635,2.257420506,1.867244318,3.372531287,1.021003562,0.993908702,1.010785805,0.984590212,0.037037037,0.22489083,0.371003926,True
155,right_concentrated_deterministic,right_concentrated,D/D/1,deterministic,fixed,0.645271579,0.645471579,0.030994702,0.640861008,0.641061008,0.031208015,0.02,0.02,0.06883659,0.070991967,0.0,0.0,0.0,0.0,0.018518519,0.0,0.0,True
156,right_concentrated_poisson_01,right_concentrated,M/M/1,poisson,exponential,0.766357514,0.760124872,0.813281214,0.981255865,0.9422839,3.971641426,1.361793105,5.236863835,1.531795671,3.576837889,0.987021041,0.977702092,0.980893048,1.015507205,2.148148148,0.26450116,0.350842697,False
157,right_concentrated_poisson_02,right_concentrated,M/M/1,poisson,exponential,0.766357514,0.793315308,3.517652511,0.981255865,0.935524091,4.660535101,4.034139431,6.056281682,1.30949339,3.66666818,0.96482974,1.016228624,0.965485008,0.993965805,1.148148148,0.265424913,0.348342541,False
158,right_concentrated_poisson_03,right_concentrated,M/M/1,poisson,exponential,0.766357514,0.739855887,3.458128399,0.981255865,0.926388403,5.591555044,4.589541736,7.11597119,1.379052539,3.503307374,1.01005596,0.993051799,1.024734901,0.991924363,2.759259259,0.237198352,0.334740991,False
159,right_concentrated_poisson_04,right_concentrated,M/M/1,poisson,exponential,0.766357514,0.783186074,2.195914976,0.981255865,1.01583893,3.524367729,2.328146723,3.445835899,1.630578804,3.992898706,1.018921138,1.004168848,1.023617456,1.027656816,0.388888889,0.265588915,0.371645432,True
160,right_concentrated_poisson_05,right_concentrated,M/M/1,poisson,exponential,0.766357514,0.764349575,0.262010722,0.981255865,0.907143673,7.552789736,0.761827264,9.353692814,1.874876802,3.191629216,0.993759846,0.989622464,0.949277899,0.998193624,0.814814815,0.261057174,0.330362117,False
161,right_concentrated_poisson_06,right_concentrated,M/M/1,poisson,exponential,0.766357514,0.780122743,1.796188939,0.981255865,1.019518598,3.899363554,1.849787133,3.921332652,1.567038233,3.7682931,1.01339304,1.007810044,0.981284049,1.007525624,1.222222222,0.252559727,0.376957494,True
162,right_concentrated_poisson_07,right_concentrated,M/M/1,poisson,exponential,0.766357514,0.713851726,6.851343806,0.981255865,0.966668943,1.486556394,8.8137092,2.310118804,1.538442811,3.426922669,0.964101191,0.977934939,1.000074136,0.98824368,0.055555556,0.229398664,0.356012219,False
163,right_concentrated_poisson_08,right_concentrated,M/M/1,poisson,exponential,0.766357514,0.744083311,2.906502858,0.981255865,0.993446715,1.242372245,4.0115377,0.866162252,1.817900946,3.48688936,0.99411869,1.018195052,0.982796406,1.037102938,0.981481481,0.244212963,0.365369128,True
164,right_concentrated_poisson_09,right_concentrated,M/M/1,poisson,exponential,0.766357514,0.766180834,0.023054511,0.981255865,1.018808007,3.826946972,0.347827316,3.806487803,1.365460867,3.949008996,0.989646971,1.019047001,0.994195428,0.994583919,0.592592593,0.243417203,0.371959552,True
165,right_concentrated_poisson_10,right_concentrated,M/M/1,poisson,exponential,0.766357514,0.754377219,1.563277511,0.981255865,0.963609314,1.798363827,2.281925639,2.680210025,1.50919027,3.462843797,0.992400252,0.98417592,1.002421093,0.985162086,0.722222222,0.248689575,0.345225027,True
166,right_concentrated_poisson_11,right_concentrated,M/M/1,poisson,exponential,0.766357514,0.760573615,0.754726005,0.981255865,1.025283409,4.48685666,1.401765056,4.609853432,2.011588355,3.753042133,1.021172032,0.98373672,0.974965038,0.987891737,1.722222222,0.257273246,0.380481283,True
167,right_concentrated_poisson_12,right_concentrated,M/M/1,poisson,exponential,0.766357514,0.803964355,4.907218952,0.981255865,0.956397571,2.53331413,5.636455147,3.521046923,1.789483545,3.359626515,1.037777773,0.968684918,0.997807379,0.993020127,0.407407407,0.278056951,0.341503718,False
168,right_concentrated_poisson_13,right_concentrated,M/M/1,poisson,exponential,0.766357514,0.753224441,1.713700514,0.981255865,0.976555604,0.479004661,2.479131719,1.05826395,1.558781004,2.976930621,0.988291153,0.998366462,0.99127794,0.98238302,2.185185185,0.23958962,0.352827586,True
169,right_concentrated_poisson_14,right_concentrated,M/M/1,poisson,exponential,0.766357514,0.776367817,1.306218389,0.981255865,0.989110093,0.800426103,1.337370502,0.357746448,1.173032401,3.441509754,0.999096715,1.010189623,1.027064936,1.001530431,0.962962963,0.259965338,0.360243296,True
170,right_concentrated_poisson_15,right_concentrated,M/M/1,poisson,exponential,0.766357514,0.714626841,6.750201036,0.981255865,0.945601832,3.633510336,8.742888314,4.838925576,1.769222058,3.558151729,1.003411759,1.014519172,1.023271007,0.984923044,1.407407407,0.226170333,0.342157139,False
171,right_concentrated_poisson_16,right_concentrated,M/M/1,poisson,exponential,0.766357514,0.774761756,1.096647671,0.981255865,0.957087492,2.463004177,0.949121344,3.496394285,1.727373432,3.702333868,1.050943534,0.974782917,0.991449715,0.976340131,2.703703704,0.260869565,0.354560173,True
172,right_concentrated_poisson_17,right_concentrated,M/M/1,poisson,exponential,0.766357514,0.739280122,3.533258486,0.981255865,0.956570664,2.515674215,4.730065373,3.555741543,1.583502353,3.689500981,1.015544493,1.003123257,0.989958663,1.032170159,0.37037037,0.242586002,0.347348688,True
173,right_concentrated_poisson_18,right_concentrated,M/M/1,poisson,exponential,0.766357514,0.77076489,0.575107038,0.981255865,1.002314845,2.146125323,0.345737319,1.861747935,1.555741431,3.842757326,1.033072713,0.996582981,0.986598628,1.01256849,0.703703704,0.26167147,0.382961125,True
174,right_concentrated_poisson_19,right_concentrated,M/M/1,poisson,exponential,0.766357514,0.765091889,0.165148153,0.981255865,1.013557113,3.291827254,0.627532489,3.190039765,1.81170383,3.899104478,0.975602414,1.005512041,0.986103946,1.018159808,1.314814815,0.25014476,0.38006663,True
175,right_concentrated_poisson_20,right_concentrated,M/M/1,poisson,exponential,0.766357514,0.77821043,1.54665616,0.981255865,0.974569809,0.681377463,1.537996088,1.380383447,1.583680944,3.48898197,1.004522155,0.984041755,0.994106443,0.983517077,0.425925926,0.255234861,0.353185596,True
176,right_concentrated_poisson_21,right_concentrated,M/M/1,poisson,exponential,0.766357514,0.770331421,0.518544788,0.981255865,0.991307921,1.024407208,0.323473999,0.615767569,1.352539468,3.462403752,0.995276552,0.97691467,1.005805879,0.98141605,0.111111111,0.253837072,0.36637931,True
177,right_concentrated_poisson_22,right_concentrated,M/M/1,poisson,exponential,0.766357514,0.75980774,0.854662982,0.981255865,1.048055954,6.807611713,1.483435699,7.373723343,1.83355652,3.430117057,1.010391572,1.007208473,0.98941884,1.040472616,1.203703704,0.248340708,0.375170905,False
178,right_concentrated_poisson_23,right_concentrated,M/M/1,poisson,exponential,0.766357514,0.753884834,1.627527579,0.981255865,0.945609215,3.632757902,2.366479013,4.840034316,1.531743817,3.570008162,1.034460839,0.985632251,1.011018125,0.979858667,0.018518519,0.248231132,0.350337382,True
179,right_concentrated_poisson_24,right_concentrated,M/M/1,poisson,exponential,0.766357514,0.759302205,0.920628947,0.981255865,0.975162056,0.621021409,1.570650936,1.285546822,1.858438497,3.34362251,0.976724265,0.985246786,1.000618613,1.010847797,1.314814815,0.257030371,0.335499594,True
180,right_concentrated_poisson_25,right_concentrated,M/M/1,poisson,exponential,0.766357514,0.738173909,3.67760538,0.981255865,0.944716372,3.723747765,4.951070318,4.904591847,1.766894984,3.321319612,1.01000285,0.974584759,0.991050832,0.997792638,2.833333333,0.24721734,0.342090395,True
181,right_concentrated_poisson_26,right_concentrated,M/M/1,poisson,exponential,0.766357514,0.754211397,1.584915226,0.981255865,1.006181166,2.540142862,2.337961857,2.389476965,1.634617978,3.439034947,0.979703736,1.004734611,0.961468621,0.998104256,0.740740741,0.239167136,0.374829375,True
182,right_concentrated_poisson_27,right_concentrated,M/M/1,poisson,exponential,0.766357514,0.78351174,2.238410301,0.981255865,1.019043772,3.850973847,2.402225715,3.826151258,1.538043094,3.999068597,0.974768013,1.024558232,1.006369621,1.001906652,1.296296296,0.25717566,0.376609442,True
183,right_concentrated_poisson_28,right_concentrated,M/M/1,poisson,exponential,0.766357514,0.784711093,2.394910856,0.981255865,0.966204529,1.533884971,2.653479077,2.47949033,1.289442828,4.107717993,1.014089442,1.018396564,1.027835413,0.998197908,0.574074074,0.251256281,0.36043956,True
184,right_concentrated_poisson_29,right_concentrated,M/M/1,poisson,exponential,0.766357514,0.767942709,0.206848023,0.981255865,1.01190898,3.123865709,0.075629997,3.124147641,1.414538662,3.122183669,0.973876234,1.022219511,1.01319775,0.991080252,0.62962963,0.25542571,0.383282925,True
185,right_concentrated_poisson_30,right_concentrated,M/M/1,poisson,exponential,0.766357514,0.785830394,2.540965498,0.981255865,0.98243996,0.120671428,2.846875027,0.438378805,1.233097105,3.456036883,1.014818209,0.993507832,0.993391574,1.035711241,0.462962963,0.268502582,0.363711454,True
186,center_concentrated_deterministic,center_concentrated,D/D/1,deterministic,fixed,0.645820762,0.646020762,0.030968345,0.649119037,0.649319037,0.03081099,0.02,0.02,0.06857734,0.067060519,0.0,0.0,0.0,0.0,0.0,0.0,0.0,True
187,center_concentrated_poisson_01,center_concentrated,M/M/1,poisson,exponential,0.763706412,0.770488282,0.888020533,0.995445196,1.016978192,2.163152326,0.781001867,1.935872649,1.341490237,3.453079751,1.004060747,1.024100681,1.001651441,0.979556283,1.203703704,0.254093732,0.381970763,True
188,center_concentrated_poisson_02,center_concentrated,M/M/1,poisson,exponential,0.763706412,0.750010373,1.793364376,0.995445196,1.01412716,1.876744586,2.596194988,1.673421258,1.608466122,3.030707588,0.971156163,1.01409313,0.991646915,1.045037347,0.240740741,0.239559165,0.352170352,True
189,center_concentrated_poisson_03,center_concentrated,M/M/1,poisson,exponential,0.763706412,0.776705031,1.702043992,0.995445196,1.016601593,2.125320068,1.607012833,1.790017082,2.104719091,4.02833456,1.02703778,1.01834788,0.993621412,1.004038892,1.537037037,0.256944444,0.366711052,True
190,center_concentrated_poisson_04,center_concentrated,M/M/1,poisson,exponential,0.763706412,0.796774476,4.329944572,0.995445196,0.981968397,1.353846476,4.975428702,2.245667471,1.594837604,3.707689938,0.972613711,1.011557199,0.968530246,0.969297588,1.166666667,0.268630849,0.370042872,False
191,center_concentrated_poisson_05,center_concentrated,M/M/1,poisson,exponential,0.763706412,0.769023908,0.696274952,0.995445196,0.999241639,0.381381392,0.506799977,0.224307022,1.499136401,3.818970299,1.023070294,0.985717316,0.99624647,0.97040331,0.388888889,0.25862069,0.377332973,True
192,center_concentrated_poisson_06,center_concentrated,M/M/1,poisson,exponential,0.763706412,0.737268042,3.461849883,0.995445196,1.074429021,7.934522632,4.702676116,8.772076831,1.795897467,3.180977809,1.021832319,1.006001956,1.021501485,1.03243627,0.148148148,0.228222997,0.38388497,False
193,center_concentrated_poisson_07,center_concentrated,M/M/1,poisson,exponential,0.763706412,0.774849013,1.459016307,0.995445196,1.04494174,4.972302243,1.391224508,5.190792108,1.746270185,3.732261454,1.033228965,1.004689497,0.995405809,0.981849801,0.5,0.250437828,0.392622951,False
194,center_concentrated_poisson_08,center_concentrated,M/M/1,poisson,exponential,0.763706412,0.784595045,2.735165377,0.995445196,1.038847527,4.360092409,3.030576411,4.531204393,1.483421546,3.388945124,1.022071738,0.984204688,0.995515634,1.019036675,0.240740741,0.256231884,0.376297105,True
195,center_concentrated_poisson_09,center_concentrated,M/M/1,poisson,exponential,0.763706412,0.766975602,0.428068915,0.995445196,0.970329826,2.523028933,0.204833875,3.554176732,1.373981734,3.329257749,0.986878967,0.994461476,1.024817294,1.000240382,1.0,0.247685185,0.360171766,True
196,center_concentrated_poisson_10,center_concentrated,M/M/1,poisson,exponential,0.763706412,0.763816482,0.014412584,0.995445196,0.975328721,2.020852164,0.297647359,3.037524562,1.336702762,3.749279278,1.023020263,1.016934226,1.005548907,0.993528349,2.277777778,0.241935484,0.354370214,True
197,center_concentrated_poisson_11,center_concentrated,M/M/1,poisson,exponential,0.763706412,0.776839562,1.71965953,0.995445196,1.007951442,1.256346935,1.74482293,0.92810608,1.613034769,3.119280247,0.975954086,0.962237756,0.972351174,0.994381109,0.87037037,0.261947973,0.366486486,True
198,center_concentrated_poisson_12,center_concentrated,M/M/1,poisson,exponential,0.763706412,0.776688002,1.699814175,0.995445196,1.025459577,3.015171549,1.67303959,2.980076384,1.813266004,3.214354411,0.990934315,0.995263033,1.004849768,1.017461103,2.5,0.254879449,0.369891906,True
199,center_concentrated_poisson_13,center_concentrated,M/M/1,poisson,exponential,0.763706412,0.728650436,4.590242453,0.995445196,1.003576555,0.816856461,6.03886979,0.376592176,1.54801957,3.315579549,0.975238443,0.983822902,0.989712416,0.965703127,1.185185185,0.240068104,0.37817396,False
200,center_concentrated_poisson_14,center_concentrated,M/M/1,poisson,exponential,0.763706412,0.789178511,3.33532605,0.995445196,0.980947596,1.456393664,3.779921648,2.354023469,1.451443146,3.638110693,1.033544294,0.994620806,1.004667573,0.989466838,2.314814815,0.265597148,0.370267261,True
201,center_concentrated_poisson_15,center_concentrated,M/M/1,poisson,exponential,0.763706412,0.730779941,4.311404216,0.995445196,0.954282618,4.135092339,5.704116328,5.406449238,1.589928476,3.080502803,1.004645006,0.991041989,0.963151378,1.013067436,0.037037037,0.239030023,0.339509537,False
202,center_concentrated_poisson_16,center_concentrated,M/M/1,poisson,exponential,0.763706412,0.748394814,2.00490632,0.995445196,1.020529219,2.519879763,2.855208211,2.400998145,1.598074014,3.194593237,0.969574701,1.008036005,0.984842731,0.995526869,1.240740741,0.240846682,0.375907502,True
203,center_concentrated_poisson_17,center_concentrated,M/M/1,poisson,exponential,0.763706412,0.775226414,1.508433341,0.995445196,0.992207482,0.325252904,1.515515443,0.967232329,1.478424383,3.318305897,0.993994842,0.987330798,1.034908084,1.011708038,0.351851852,0.256827426,0.363114754,True
204,center_concentrated_poisson_18,center_concentrated,M/M/1,poisson,exponential,0.763706412,0.724452955,5.139862155,0.995445196,0.977919854,1.760553226,6.716319462,2.704454079,1.540053216,3.596562791,0.990796533,1.003764182,1.009155526,0.988923133,3.018518519,0.229556075,0.362836879,False
205,center_concentrated_poisson_19,center_concentrated,M/M/1,poisson,exponential,0.763706412,0.786531187,2.988684489,0.995445196,0.96136384,3.423730064,3.314963884,4.578875839,1.606142295,3.132308019,1.034428545,0.977875137,1.011994761,1.003603623,0.777777778,0.260435038,0.361771944,True
206,center_concentrated_poisson_20,center_concentrated,M/M/1,poisson,exponential,0.763706412,0.773444793,1.275147181,0.995445196,0.948693905,4.696520853,1.126722584,6.036672659,1.904066047,2.909520272,1.040143373,0.973238338,0.979149618,1.007013203,1.462962963,0.257760532,0.348023884,False
207,center_concentrated_poisson_21,center_concentrated,M/M/1,poisson,exponential,0.763706412,0.736411428,3.574015331,0.995445196,1.000929703,0.550960209,4.883192311,0.052287567,1.973354331,3.381180339,1.023341616,0.978478261,1.019390644,0.968571263,0.092592593,0.233409611,0.364409103,True
208,center_concentrated_poisson_22,center_concentrated,M/M/1,poisson,exponential,0.763706412,0.732803687,4.046414208,0.995445196,1.035132385,3.986878299,5.471666329,4.06984847,1.992800119,3.515980503,0.975559822,1.009625131,0.989492455,0.994845006,0.518518519,0.244803695,0.389069264,False
209,center_concentrated_poisson_23,center_concentrated,M/M/1,poisson,exponential,0.763706412,0.795892051,4.214399508,0.995445196,0.967247337,2.832688304,4.842089089,3.904302979,1.554693303,3.249268424,1.031766885,1.002342598,1.005174385,1.017719493,0.222222222,0.254390935,0.347778084,True
210,center_concentrated_poisson_24,center_concentrated,M/M/1,poisson,exponential,0.763706412,0.78963679,3.39533327,0.995445196,0.971427066,2.412802901,3.864372151,3.381723542,1.407876956,3.086313105,0.994230306,0.986399444,1.032792128,1.012723729,0.240740741,0.259732714,0.35915493,True
211,center_concentrated_poisson_25,center_concentrated,M/M/1,poisson,exponential,0.763706412,0.777514726,1.808065838,0.995445196,1.022874876,2.755518829,1.932418271,2.61482939,1.281147839,3.554002745,0.986354899,0.981010777,0.993866265,0.983002428,2.018518519,0.256292906,0.378888593,True
212,center_concentrated_poisson_26,center_concentrated,M/M/1,poisson,exponential,0.763706412,0.792557264,3.777741281,0.995445196,1.023873715,2.855859708,4.201368227,2.831590231,1.98270875,2.993601298,0.99627019,0.996513941,1.019201971,0.985302019,2.12962963,0.269507803,0.375518099,True
213,center_concentrated_poisson_27,center_concentrated,M/M/1,poisson,exponential,0.763706412,0.723255885,5.296606983,0.995445196,1.029514513,3.422520561,6.912723937,3.480921208,1.551358031,3.091067274,0.962694133,1.005375943,1.036188031,1.013322979,2.907407407,0.22298066,0.379310345,False
214,center_concentrated_poisson_28,center_concentrated,M/M/1,poisson,exponential,0.763706412,0.752923568,1.411909536,0.995445196,0.956483788,3.913968219,2.118006139,5.196756781,1.580030384,3.366507415,0.989354665,0.972837545,0.994438405,1.019445902,0.555555556,0.251486326,0.345444685,False
215,center_concentrated_poisson_29,center_concentrated,M/M/1,poisson,exponential,0.763706412,0.768890378,0.678790425,0.995445196,0.955426181,4.020212836,0.506379979,5.400049544,1.409344421,3.811060237,1.013915426,1.003009606,1.00615034,1.02797683,0.166666667,0.252304147,0.347399946,False
216,center_concentrated_poisson_30,center_concentrated,M/M/1,poisson,exponential,0.763706412,0.794545261,4.038050316,0.995445196,0.990297813,0.51709362,4.579559427,1.221643608,1.743516225,3.48158486,1.029839924,0.997224391,1.028566121,0.991399658,0.018518519,0.262536873,0.366702644,True
217,trace_template,trace_template,queue-reference-not-closed-form,trace,fixed,,0.71761955,,,0.82091821,,,,1.78081671,3.753888403,1.013044128,0.993560335,0.0,0.0,1.407407407,0.088500265,0.208135971,False